,Żułowska
0,Żywiczna Kraków
1,Łobzowska
2,Łuczanowicka
3,Łukasza Cieplińskiego
4,Łukasza Górnickiego
5,Łukasza Opalińskiego
6,Abrahama
7,Adama Asnyka
8,Adama Chmiela
9,Adama Chmielowskiego
10,Adama Ciołkosza
11,Adama Habeli
12,Adama Krzyżanowskiego
13,Adama Marczyńskiego
14,Adama Próchnika
15,Adama Prażmowskiego
16,Adama Rysiewicza
17,Adama Staszczyka
18,Adolfa Aleksandrowicza
19,Adolfa Nowaczyńskiego
20,Adriana Baranieckiego
21,Agatowa
22,Agawy
23,Agrestowa
24,Akacjowa
25,Akademicka
26,Albańska
27,Albatrosów
28,Alberta Schweitzera
29,Aleja 29 Listopada
30,aleja 3 Maja
31,aleja Jana Pawła II
32,aleja Jerzego Waszyngtona
33,aleja Juliusza Słowackiego
34,aleja Jurajska
35,aleja Mieczysława Małeckiego
36,aleja Modrzewiowa
37,aleja Zygmunta Krasińskiego
38,Aleksandra Brücknera
39,Aleksandra Fredry
40,Aleksandra Gryglewskiego
41,Aleksandra Kotsisa
42,Aleksandra Krępy
43,Aleksandra Lubomirskiego
44,Aleksandra Orłowskiego
45,Aleksandra Prystora
46,Aleksandry
47,Alfreda Dauna
48,Algierska
49,Aliny
50,Alojzego Horaka
51,Alojzego Kaczmarczyka
52,Altanowa
53,Amarantowa
54,Amazonek
55,Ambrożego Grabowskiego
56,Andegaweńska
57,Andrieja Sacharowa
58,Andrychowska
59,Andrzeja Badurskiego
60,Andrzeja Frycza-Modrzewskiego
61,Andrzeja Małkowskiego
62,Andrzeja Michalika
63,Andrzeja Mycielskiego
64,Andrzeja Potebni
65,Andrzeja Sokołowskiego
66,Andrzeja Stopki
67,Anieli Krzywoń
68,Anny Jagiellonki
69,Anny Libera
70,Antoniego Augustynka-Wichury
71,Antoniego Dobrowolskiego
72,Antoniego Fertnera
73,Antoniego Gramatyka
74,Antoniego Hoborskiego
75,Antoniego Józefa Madalińskiego
76,Antoniego Kępińskiego
77,Antoniego Kenara
78,Antoniego Odyńca
79,Antoniego Pajdaka
80,Antyczna
81,Anusi
82,Architektów
83,Arcybiskupa Felińskiego
84,Ariańska
85,Arktyczna
86,"Armii ""Kraków"""
87,Armii Krajowej
88,Artura Malawskiego
89,Astronautów
90,Astronomów
91,Świętego Jacka
92,Świętego Jana
93,Świętego Krzyża
94,Świętego Marka
95,Świętego Sebastiana
96,Świętego Tomasza
97,Świętego Wawrzyńca
98,Świętej Agnieszki
99,Świętej Anny
100,Świętej Gertrudy
101,Świętej Katarzyny
102,Świętej Teresy
103,Augustiańska
104,Azaliowa
105,Błażeja Czepca
106,Błękitna
107,Bławatkowa
108,Błotna
109,Błotniska
110,Bór
111,Bałtycka
112,Bażancia
113,Babiego Lata
114,Babinicza
115,Bagatela
116,Bagienna
117,Bagrowa
118,Bajeczna
119,Balanówka
120,Balicka
121,Balladyny
122,Barbary
123,Barbary Radziwiłłówny
124,Bardosa
125,Barska
126,Bartłomieja Groickiego
127,Bartłomieja Nowodworskiego
128,Bartnicza
129,Bartników
130,Bartosza
131,Bartosza Głowackiego
132,Barwinkowa
133,Barwna
134,Barycka
135,Bastionowa
136,Basztowa
137,Batalionów Chłopskich
138,Batalionu “Parasol”
139,Batalionu “Skała” AK
140,Batalionu “Zośka”
141,Batowicka
142,Będzińska
143,Bazarowa
144,Baziaka
145,Bednarska
146,Beera Meiselsa
147,Belwederczyków
148,Benedykta Cesarza
149,Benedykta Dybowskiego
150,Benedyktyńska
151,Berberysowa
152,Berdyczowska
153,Bernardyńska
154,Beskidzka
155,Betlejemska
156,Betonowa
157,Biała
158,Biała Droga
159,Białe Wzgórze
160,Białoprądnicka
161,Białoruska
162,Białostocka
163,Białych Brzóz
164,Bibicka
165,Bieńczycka
166,Bieńczycki Plac Targowy
167,Bieżanowska
168,Bielańska
169,Biernata z Lublina
170,Biesiadna
171,Bieszczadzka
172,Billewiczów
173,Biskupa Franciszka Hodura
174,Biskupa Józefa Gawliny
175,Biskupa Jana Prandoty
176,Biskupia
177,Biskupińska
178,Bożego Ciała
179,Bożywoja
180,Bogumiła Pawłowskiego
181,Bolesława Śmiałego
182,Bolesława Czerwieńskiego
183,Bolesława Komorowskiego
184,Bolesława Kontryma
185,Bolesława Leśmiana
186,Bolesława Limanowskiego
187,Bolesława Prusa
188,Borowinowa
189,Bosacka
190,Brązownicza
191,Braci Jamków
192,Braci Kiemliczów
193,Braci Polskich
194,Braci Schindlerów
195,Bracka
196,Branicka
197,Braterska
198,Braterstwa Broni
199,Bratkowa
200,Bratysławska
201,Brogi
202,Bronisława Czecha
203,Bronisława Malinowskiego
204,Bronisława Pierackiego
205,Bronisława Schönborna
206,Bronowicka
207,Browarniana
208,Bruśnicka
209,Brunona Schulza
210,Bruzdowa
211,Brzask
212,Brzegowa
213,Brzeska
214,Brzozowa
215,Bułgarska
216,Budrysów
217,Budziszyńska
218,Bugaj
219,Bukietowa
220,Bukowa
221,Bukszpanowa
222,Bularnia
223,Bulwarowa
224,Buraczana
225,Burgundzka
226,Bursztynowa
227,Burzowa
228,Butrymów
229,Bystra
230,Bytomska
231,Cechowa
232,Cedrowa
233,Cedyńska
234,Ceglarska
235,Celarowska
236,Celna
237,Cementowa
238,Centkiewiczów
239,Centralna
240,Chłodna
241,Chłopska
242,Chałubińskiego
243,Chabrowa
244,Chęcińska
245,Chełmska
246,Chlebiczna
247,Chlebowa
248,Chmieleniec
249,Chmielna
250,Chmurna
251,Chochołowska
252,Chocimska
253,Chojnicka
254,Chopina
255,Chorzowska
256,Ciasna
257,Cicha
258,Cichociemnych AK
259,Cichy Kącik
260,Ciechanowska
261,Ciechocińska
262,Ciekowiec
263,Ciemna
264,Cienista
265,Ciepła
266,Ciepłownicza
267,Ciesielska
268,Cieszyńska
269,Cisowa
270,Combrowa
271,Cuplowa
272,Cygańska
273,Cypriana Godebskiego
274,Cypriana Kamila Norwida
275,Cyprysów
276,Cyryla Ratajskiego
277,Cystersów
278,Czajek
279,Czajna
280,Czapskich
281,Czarnogórska
282,Czarnowiejska
283,Czarodziejska
284,Czechosłowacka
285,Czeczeńska
286,Czeladnicza
287,Czereśniowa
288,Czeremchowa
289,Czerska
290,Czerwona
291,Czerwone Maki
292,Czerwonego Kapturka
293,Czerwonego Prądnika
294,Czesława Janczarskiego
295,Czesława Miłosza
296,Czesława Niemena
297,Czołgistów
298,Czorsztyńska
299,Czwartaków
300,Czyżówka
301,Czyżyńska
302,Czyżyków
303,Czysta
304,Długa
305,Dąbrówki
306,Dąbrowa
307,Dąbska
308,Dajwór
309,Daleka
310,Daliowa
311,Danalówka
312,Daniela Chodowieckiego
313,Danka
314,Danusi Jurandówny
315,Dębnicka
316,Dęboroga
317,Dębowa
318,Dekarzy
319,Dembowskiego
320,Deotymy
321,Dereniowa
322,Deszczowa
323,Dietla
324,Do Cegielni
325,Do Fortu
326,Do Luboni
327,Do Obserwatorium
328,Do Przystani
329,Do Sanktuarium Bożego Miłosierdzia
330,Do Wilgi
331,Do Wisły
332,Dożynkowa
333,Dobczycka
334,Dobiesława Kurozwęckiego
335,Dobra
336,Dobrego Pasterza
337,Doktora Józefa Babińskiego
338,Doktora Jana Piltza
339,Doktora Judyma
340,Doktora Owcy-Orwicza
341,Doktora Tadeusza Kudlińskiego
342,Dolina
343,Dolna
344,Dolnomłyńska
345,Dolnych Młynów
346,Dominikańska
347,Dominikanów
348,Domki
349,Domowa
350,Dróżka
351,Dróżnicka
352,Drewniana
353,Drożdżowa
354,Drożyna
355,Drożyska
356,droga Do Zamku
357,Droga nad Białuchą
358,Droga Rokadowa
359,Drużbackiej
360,Druhny Hanki
361,Drukarska
362,Druskiennicka
363,Duża Góra
364,Duchacka
365,Dukatów
366,Dworcowa
367,Dworna
368,Dworska
369,Dworski Ogród
370,Dymarek
371,Dymnik
372,Działkowa
373,Dziekanowicka
374,Dzielna
375,Dziewanny
376,Dziewiarzy
377,Dzikiej Róży
378,Edmunda Biernackiego
379,Edmunda Krzymuskiego
380,Edmunda Neussera
381,Edwarda Bzymka-Strzałkowskiego
382,Edwarda Heila
383,Edwarda Rydza-Śmigłego
384,Elżbiety Łokietkówny
385,Elizy Orzeszkowej
386,Emaus
387,Emila Dziedzica
388,Emila Godlewskiego
389,Emiliana Czyrniańskiego
390,Emilii Plater
391,Emilii Sczanieckiej
392,Erazma i Stanisława Fabijańskich
393,Erazma Jerzmanowskiego
394,Ernesta Cieślewskiego
395,Ernesta Solvaya
396,Estery
397,Estońska
398,Estreicherów
399,Eugeniusza Eibischa
400,Eugeniusza Kwiatkowskiego
401,Eugeniusza Romera
402,Fałęcka
403,Fabryczna
404,Facimiech
405,Falista
406,Falowa
407,Familijna
408,Farmaceutów
409,Fatimska
410,Felicjanek
411,Feliksa Jasieńskiego
412,Feliksa Konecznego
413,Feliksa Kopery
414,Feliksa Księżarskiego
415,Feliksa Radwańskiego
416,Feliksa Wrobela
417,Ferdynanda Kurasia
418,Filarecka
419,Filipa Eisenberga
420,Filipa Kallimacha
421,Filipa Pokutyńskiego
422,Filtrowa
423,Fiołkowa
424,Flisacka
425,Floriańska
426,Floriana Kotowskiego
427,Forteczna
428,Fosa
429,Franciszka Bielaka
430,Franciszka Bujaka
431,Franciszka Hynka
432,Franciszka Hypty
433,Franciszka Kłaka
434,Franciszka Kajty
435,Franciszka Karpińskiego
436,Franciszka Kniaźnina
437,Franciszka Kowalskiego
438,Franciszka Maryewskiego
439,Franciszka Niepokólczyckiego
440,Franciszka Pększyca-Grudzińskiego
441,Franciszka Ptaka
442,Franciszka Sapalskiego
443,Franciszka Stefczyka
444,Franciszkańska
445,Głębinowa
446,Głęboka
447,Głogowa
448,Głogowiec
449,Głogowska
450,Górna
451,Górników
452,Górska
453,Gabriela Narutowicza
454,Gacki
455,Gaik
456,Gajówka
457,Gajowa
458,Galaktyczna
459,Garbarska
460,Garncarska
461,Gęsia
462,Gazowa
463,Gdańska
464,Gdowska
465,Gdyńska
466,Gen. Leopolda Okulickiego
467,Generała Augusta Fieldorfa-Nila
468,Generała Bernarda Monda
469,Generała Bolesława Roi
470,Generała Franciszka Kleeberga
471,Generała Franciszka Paszkowskiego
472,Generała Ignacego Prądzyńskiego
473,Generała Józefa Bema
474,Generała Józefa Chłopickiego
475,Generała Józefa Olszyny-Wilczyńskiego
476,Generała Jakuba Jasińskiego
477,Generała Jana Karcza
478,Generała Juliana Filipowicza
479,Generała Kazimierza Sosnkowskiego
480,Generała Kiwerskiego
481,Generała Mariana Kukiela
482,Generała Michała Karaszewicza-Tokarzewskiego
483,Generała Romana Sołtyka
484,Generała Tadeusza Kutrzeby
485,Generała Tadeusza Pełczyńskiego
486,Geodetów
487,Geologów
488,Gerberowa
489,Gilowa
490,Gipsowa
491,Gliniana
492,Glinik
493,Gminna
494,Gnieźnieńska
495,Gołaśka
496,Gołębia
497,Gołębia ulica
498,Gościnna
499,Goździkowa
500,Golikówka
501,Golkowicka
502,Gontyna
503,Goplana
504,Goryczkowa
505,Gospodarska
506,Grąby
507,Grażyny
508,Grażyny Bacewiczówny
509,Grabówki
510,Grabowa
511,Gradowa
512,Graniczna
513,Granitowa
514,Grębałowska
515,Grawerska
516,Grenadierów
517,Grochowa
518,Grochowska
519,Grodzisko
520,Grodzka
521,Gromady Grudziąż
522,Gromadzka
523,Gronostajowa
524,Gronowa
525,Groszkowa
526,Grota-Roweckiego
527,Grunwaldzka
528,Gryczana
529,Grzegórzecka
530,Grzegorza Korzeniaka
531,Grzegorza z Sanoka
532,Grzybki
533,Gumniska
534,Gustawa Daniłowskiego
535,Gustawa Ehrenberga
536,Gustawa Herlinga-Grudzińskiego
537,Gustawa Morcinka
538,Gustawa Pokrzywki
539,Gwarecka
540,Gwarna
541,Gwieździsta
542,Gzymsików
543,Habina
544,Halicka
545,Haliny Cieślińskiej-Brzeskiej
546,Halki
547,Hamernia
548,Hanny Mortkowicz-Olczakowej
549,Hansa Christiana Andersena
550,Harcerska
551,Harcerzy
552,Harcmistrza Stanisława Millana
553,Harcmistrza Stanisława Orszy-Broniewskiego
554,Harnasiów
555,Hektary
556,Helclów
557,Heleny
558,Heleny Chanieckiej
559,Heleny i Leona Patynów
560,Heleny Marusarzówny
561,Heleny Modrzejewskiej
562,Heligundy
563,Henryka Barycza
564,Henryka Brodatego
565,Henryka Czeczotta
566,Henryka Flame
567,Henryka Hoyera
568,Henryka Kułakowskiego
569,Henryka Müncha
570,Henryka Niewodniczańskiego
571,Henryka Pachońskiego
572,Henryka Reymana
573,Henryka Rodakowskiego
574,Henryka Rowida
575,Henryka Siemiradzkiego
576,Henryka Sienkiewicza
577,Herbowa
578,Hetmańska
579,Hiacyntowa
580,Hieronima Pinocci
581,Hieronima Wietora
582,Hołdu Pruskiego
583,Hoża
584,Hubalczyków
585,Huculska
586,Hufcowa
587,Hugona Kołłątaja
588,Husarska
589,Iłowa
590,Ignacego Chrzanowskiego
591,Ignacego Domeyki
592,Ignacego Grabczaka
593,Ignacego Krasickiego
594,Ignacego Mościckiego
595,Ignacego Paderewskiego
596,Igołomska
597,Igrców
598,Imbramowska
599,Imielna
600,Inżyniera Adama Bielańskiego
601,Inicjatywy Lokalnej
602,Insurekcji Kościuszkowskiej
603,Ireny Kosmowskiej
604,Irysowa
605,Isep
606,Ivo Andricia
607,Iwona Odrowąża
608,Iwonicka
609,Izaaka
610,Izydora Kopernickiego
611,Izydora Stella-Sawickiego
612,Józefa
613,Józefa Becka
614,Józefa Bellerta
615,Józefa Brodowicza
616,Józefa Chełmońskiego
617,Józefa Chełmońskiego-Deptak
618,Józefa Czajkowskiego
619,Józefa Dwernickiego
620,Józefa Elsnera
621,Józefa Friedleina
622,Józefa Gałęzowskiego
623,Józefa Herzoga
624,Józefa i Agaty Gwizdałów
625,Józefa i Floriana Sawiczewskich
626,Józefa Korzeniowskiego
627,Józefa Kostrzewskiego
628,Józefa Krasnowolskiego
629,Józefa Kraszewskiego
630,Józefa Kustronia
631,Józefa Mackiewicza
632,Józefa Marcika
633,Józefa Mehoffera
634,Józefa Montwiłła-Mireckiego
635,Józefa Morozewicza
636,Józefa Narzymskiego
637,Józefa Ostafina
638,Józefa Pankiewicza
639,Józefa Piłsudskiego
640,Józefa Rostafińskiego
641,Józefa Rzebika
642,Józefa Sarego
643,Józefa Sawy-Calińskiego
644,Józefa Sowińskiego
645,Józefa Szujskiego
646,Józefińska
647,Józefitów
648,Jałowcowa
649,Jaśminowa
650,Jabłonkowska
651,Jabłonna
652,Jabłonowskich
653,Jacka Jezierskiego
654,Jacka Kluszewskiego
655,Jacka Malczewskiego
656,Jadźwingów
657,Jadwigi Majówny
658,Jadwigi z Łobzowa
659,Jagiełka
660,Jagiellońska
661,Jagienki
662,Jaglana
663,Jagodowa
664,Jakuba
665,Jakuba Majora
666,Jana Aleksandra Gorczyna
667,Jana Brożka
668,Jana Brzechwy
669,Jana Bułhaka
670,Jana Buszka
671,Jana Chryzostoma Paska
672,Jana Długosza
673,Jana Dekerta
674,Jana Gajocha
675,Jana Grzecha
676,Jana Gumowskiego
677,Jana Gutenberga
678,Jana Hallera
679,Jana Henryka Dąbrowskiego
680,Jana Heweliusza
681,Jana Janowskiego
682,Jana Kaczary
683,Jana Kantego Andrusikiewicza
684,Jana Kantego Przyzby
685,Jana Kasprowicza
686,Jana Kazimierza
687,Jana Kiepury
688,Jana Kilińskiego
689,Jana Kluka
690,Jana Kochanowskiego
691,Jana Kozietulskiego
692,Jana Kremskiego
693,Jana Kurczaba
694,Jana Lechonia
695,Jana Maklakiewicza
696,Jana Miodońskiego
697,Jana Mosdorfa
698,Jana Muszyńskiego
699,Jana Nowaka
700,Jana Olbrachta
701,Jana Ostroroga
702,Jana Palacha
703,Jana Pawła II
704,Jana Pietrusińskiego
705,Jana Piwnika “Ponurego”
706,Jana Sabały
707,Jana Sas-Zubrzyckiego
708,Jana Skrzetuskiego
709,Jana Smolenia
710,Jana Sobieskiego
711,Jana Stanisława Bystronia
712,Jana Stanisławskiego
713,Jana Szwai
714,Jana XXIII
715,Jana Zygmunta Robla
716,Janasówka
717,Janiny Porazińskiej
718,Janka Szumca
719,Janosika
720,Janowa Wola
721,Jantarowa
722,Janusza Korczaka
723,Janusza Kusocińskiego
724,Janusza Meissnera
725,Jar
726,Jarosława Dolińskiego
727,Jarosława Iwaszkiewicza
728,Jarosławska
729,Jarzębiny
730,Jarzynowa
731,Jasełkowa
732,Jasia i Małgosi
733,Jasielska
734,Jaskółcza
735,Jaskrowa
736,Jasna
737,Jasnogórska
738,Jastrzębia
739,Jęczmienna
740,Jaworowa
741,Jaxy Gryfity
742,Jazowa
743,Jeżów
744,Jeżynowa
745,Jeździecka
746,Jeleniogórska
747,Jeleniowa
748,Jemiołowa
749,Jemiołuszek
750,Jerozolimska
751,Jerzego Bajana
752,Jerzego Dobrzyckiego
753,Jerzego Fedkowicza
754,Jerzego Giedroycia
755,Jerzego Harasymowicza
756,Jerzego Jurowicza
757,Jerzego Korohody
758,Jerzego Kuryłowicza
759,Jerzego Lande
760,Jerzego Potrzebowskiego
761,Jerzego Samuela Bandtkiego
762,Jerzego Smoleńskiego
763,Jesienna
764,Jesionowa
765,Jeziorany
766,Jeziorko
767,Jezuitów
768,Jodłowa
769,Jontkowa Górka
770,Jordanowska
771,Joselewicza
772,Josepha Conrada
773,Jubileuszowa
774,Jugowicka
775,Juliana Dunajewskiego
776,Juliana Fałata
777,Juliana Goslara
778,Juliana Konstantego Ordona
779,Juliana Przybosia
780,Juliana Ursyna Niemcewicza
781,Julii Nenko
782,Juliusza Kadena-Bandrowskiego
783,Juliusza Kleinera
784,Juliusza Lea
785,Juliusza Osterwy
786,Junacka
787,Jurajska
788,Juranda ze Spychowa
789,Jurka Bitschana
790,Justowska
791,Jutrzenka
792,Jutrzyńska
793,Kłosowa
794,Kłuszyńska
795,Kącik
796,Kąkolowa
797,Kąpielowa
798,Kąt
799,Kątowa
800,Kacza
801,Kaczeńcowa
802,Kaczorówka
803,Kadecka
804,Kadrówki
805,Kaimska
806,Kajetana Koźmiana
807,Kaktusowa
808,Kalinowa
809,Kaliska
810,Kalwaryjska
811,Kalwińska
812,Kamedulska
813,Kameliowa
814,Kamieńskiego
815,Kamieniarska
816,Kamieniecka
817,Kamienna
818,Kamionka
819,Kanarkowa
820,Kanonicza
821,Kanonierów
822,Kantorowicka
823,Kapelanka
824,Kapucyńska
825,Karasiówka
826,Karmelicka
827,Karola Bunscha
828,Karola Darwina
829,Karola Frycza
830,Karola Homolacsa
831,Karola i Jerzego Drozdowskich
832,Karola Irzykowskiego
833,Karola Jana Chodkiewicza
834,Karola Kurpińskiego
835,Karola Olszewskiego
836,Karola Popiela
837,Karola Rollego
838,Karowa
839,Karpacka
840,Kaspra Bażanki
841,Kasztelańska
842,Kaszubska
843,Katowicka
844,Kędzierzyńska
845,Kępna
846,Kępska
847,Kawiory
848,Kawowa
849,Kazimierza Brodzińskiego
850,Kazimierza Chałupnika
851,Kazimierza Czapińskiego
852,Kazimierza Herwina-Piątka
853,Kazimierza Jagiellończyka
854,Kazimierza Kierzkowskiego
855,Kazimierza Kordylewskiego
856,Kazimierza Kostaneckiego
857,Kazimierza Morawskiego
858,Kazimierza Nitscha
859,Kazimierza Odnowiciela
860,Kazimierza Pluty-Czachowskiego
861,Kazimierza Pochwalskiego
862,Kazimierza Pułaskiego
863,Kazimierza Pużaka
864,Kazimierza Siemienowicza
865,Kazimierza Sprawiedliwego
866,Kazimierza Wielkiego
867,Ketlinga
868,Kielecka
869,Kijanki
870,Klasztorna
871,Klemensa Bąkowskiego
872,Klemensa Janickiego
873,Klemensa z Ruszczy
874,Klementyny Hoffmanowej
875,Klimka Bachledy
876,Kliniec
877,Klonowa
878,Kluczborska
879,Kmicica
880,Kmieca
881,Kminkowa
882,Kołaczy
883,Koło Białuchy
884,Koło Strzelnicy
885,Kołobrzeska
886,Kołodziejska
887,Kołowa
888,Kościelna
889,Kościelnicka
890,Kościuszkowców
891,Koźlarska
892,Kobierzyńska
893,Kocmyrzowska
894,Kogucia
895,Kokosowa
896,Kokotowska
897,Kolarzy
898,Kolędnicza
899,Kolejarzy
900,Kolejowa
901,Koletek
902,Kolista
903,Kolna
904,Kolonijna
905,Komandosów
906,Komasy
907,Komuny Paryskiej
908,Konfederacka
909,Konopna
910,Konrada Srzednickiego
911,Konrada Wallenroda
912,Konstantego Brandla
913,Konstantego Ciołkowskiego
914,Konstantego Ildefonsa Gałczyńskiego
915,Konstantego Jelskiego
916,Konstantego Krumłowskiego
917,Konstantego Laszczki
918,Konwaliowa
919,Konwisarzy
920,Kopalina
921,Kopaniec
922,Koprowa
923,Koralowa
924,Kordiana
925,Korepty
926,Kormoranów
927,Kornela Makuszyńskiego
928,Korony Polskiej
929,Kosów
930,Kosiarzy
931,Kosmonautów
932,Kosocicka
933,Kostrzecka
934,Kosynierów
935,Koszalińska
936,Koszarówka
937,Koszutki
938,Koszykarska
939,Kotówka
940,Kotlarska
941,Kowalska
942,Kozia
943,Koziarówka
944,Kozienicka
945,Króla Jana III Sobieskiego
946,Królówka
947,Królewska
948,Królowej Bony
949,Królowej Jadwigi
950,Królowej Marysieńki
951,Krótka
952,Krańcowa
953,Krajobrazowa
954,Krakusa
955,Krakusów
956,Krasowa
957,Kręta
958,Krawiecka
959,Kremerowska
960,Kresowa
961,Krośnieńska
962,Krochmalniki
963,Krokusowa
964,Kronikarza Galla
965,Krowoderska
966,Krowoderskich Zuchów
967,Krucza
968,Krupnicza
969,Kruszwicka
970,Krymska
971,Kryniczna
972,Krystyna z Ostrowa
973,Kryształowa
974,Krzemieniecka
975,Krzemionki
976,Krzesławicka
977,Krzewowa
978,Krzyżówka
979,Krzyżtoporska
980,Krzysztofa Kamila Baczyńskiego
981,Krzywa
982,Krzywda
983,Krzywy Zaułek
984,Ksawerego Pruszyńskiego
985,Księżnej Przybysławy
986,Księżycowa
987,Księcia Józefa
988,Księdza Augustyna Kordeckiego
989,Księdza Kazimierza Siemaszki
990,Księdza Piotra Skargi
991,Ku Raciborowicom
992,Kuśnierska
993,Kuźnicy Kołłątajowskiej
994,Kuźnicza
995,Kujawska
996,Kukiełek Golkowickich
997,Kukułcza
998,Kupa
999,Kupały
1000,Kurkowa
1001,Kurniki
1002,Kwartowa
1003,Kwatery
1004,Kwiatów Polskich
1005,Kwiatowa
1006,Kwiecista
1007,Kwietna
1008,Lajkonika
1009,Lanckorońska
1010,Lasówka
1011,Lasek
1012,Laskowa
1013,Lasogórska
1014,Lasowisko
1015,Laudańska
1016,Lawendowa
1017,Lazurowa
1018,Leśna
1019,Lecha
1020,Lechicka
1021,Lecznicza
1022,Legendy
1023,Legionów
1024,Legionów Józefa Piłsudskiego
1025,Legnicka
1026,Lekarska
1027,Leona Chwistka
1028,Leona Misiołka
1029,Leona Wyczółkowskiego
1030,Leopolda Flanka
1031,Leopolda Kmietowicza
1032,Leopolda Lisa-Kuli
1033,Leopolda Staffa
1034,Lesista
1035,Leszczynowa
1036,Leszka Białego
1037,Leszka Czarnego
1038,Letnia
1039,Lewkowa
1040,Liściasta
1041,Libertowska
1042,Librowszczyzna
1043,Liliowa
1044,Lilli Wenedy
1045,Lipowa
1046,Lipska
1047,Lirników
1048,Liryczna
1049,Lisia
1050,Litawora
1051,Litewska
1052,Lniana
1053,Longinusa Podbipięty
1054,Loretańska
1055,Lotnicza
1056,Lubelska
1057,Lubicz
1058,Lublańska
1059,Lubocka
1060,Lubostroń
1061,Lubuska
1062,Lucjana Rydla
1063,Lucjana Siemieńskiego
1064,Ludźmierska
1065,Ludmiły Korbutowej
1066,Ludomiła Korczyńskiego
1067,Ludomira Benedyktowicza
1068,Ludomira Różyckiego
1069,Ludowa
1070,Ludwika Bierkowskiego
1071,Ludwika Gardowskiego
1072,Ludwika Hieronima Morstina
1073,Ludwika Idzikowskiego
1074,Ludwika Jędrzejczyka
1075,Ludwika Krzywickiego
1076,Ludwika Mierosławskiego
1077,Ludwika Muzyczki
1078,Ludwika Nabielaka
1079,Ludwika Osieckiego
1080,Ludwika Pasteura
1081,Ludwika Rydygiera
1082,Ludwika Solskiego
1083,Ludwika Zamenhofa
1084,Ludwinowska
1085,Ludwisarzy
1086,Lusińska
1087,Lutego Tura
1088,Lwa Landaua
1089,Lwowska
1090,Młodej Polski
1091,Młodzieży
1092,Młotków
1093,Młyńska
1094,Młyńska Boczna
1095,Młynówka Królewska
1096,Młynowa
1097,Mączna
1098,Mała
1099,Mała Góra
1100,Małego Księcia
1101,Mały Płaszów
1102,Mały Rynek
1103,Maćka z Bogdańca
1104,Maćkowa Góra
1105,Macedońska
1106,Macieja Dębskiego
1107,Macieja Jakubowskiego
1108,Macieja Kalenkiewicza
1109,Macieja Miechowity
1110,Macieja Moraczewskiego
1111,Maciejkowa
1112,Macierzanki
1113,Madejówka
1114,Madera
1115,Magazynowa
1116,Magdaleny Samozwaniec
1117,Magnolii
1118,Mahatmy Gandhiego
1119,Majora Ryszarda Nuszkiewicza
1120,Majowa
1121,Makowa
1122,Maksyma Rylskiego
1123,Maksymiliana i Aleksandra Gierymskich
1124,Maksymiliana i Stanisława Cerchów
1125,Maksymiliana Nowickiego
1126,Maksymiliana Rutkowskiego
1127,Malachitowa
1128,Malborska
1129,Malinowa
1130,Malownicza
1131,Malutka
1132,Malwowa
1133,Marcelego Nenckiego
1134,Marchołta
1135,Marcina Bielskiego
1136,Marcina Borelowskiego-Lelewela
1137,Marcowa
1138,Margaretek
1139,Marglowa
1140,Mariana Batki
1141,Mariana Czuchnowskiego
1142,Mariana Domagały
1143,Mariana Hemara
1144,Mariana Langiewicza
1145,Mariana Markowskiego
1146,Mariana Raciborskiego
1147,Mariana Smoluchowskiego
1148,Marii Dąbrowskiej
1149,Marii Grzegorzewskiej
1150,Marii Jaremy
1151,Marii Konopnickiej
1152,Marii Kownackiej
1153,Marii Skłodowskiej-Curie
1154,Marka Kublińskiego
1155,Martenowska
1156,Marynarska
1157,Marzanny
1158,Masarska
1159,Matematyków
1160,Mateusza Birkuta
1161,Matki Pauli Zofii Tajber
1162,Maurycego Beniowskiego
1163,Maurycego Mochnackiego
1164,Mazowiecka
1165,Mazurska
1166,Medalionów
1167,Medyczna
1168,Merkuriusza Polskiego
1169,Metalowców
1170,Miła
1171,Miśnieńska
1172,Miarowa
1173,Miętowa
1174,Michała Bałuckiego
1175,Michała Drzymały
1176,Michała Hutnika
1177,Michała i Stanisława Jaglarzów
1178,Michała Korpala
1179,Michała Ossowskiego
1180,Michała Siedleckiego
1181,Michała Stachowicza
1182,Miechowska
1183,Mieczników
1184,Mieczykowa
1185,Mieczysława Kamberskiego
1186,Mieczysława Kaplickiego
1187,Mieczysława Karłowicza
1188,Mieczysława Medweckiego
1189,Mieczysława Niedziałkowskiego
1190,Mieczysława Pszona
1191,Miedziana
1192,Miejscowa
1193,Mierniczych
1194,Mierzeja Wiślana
1195,Mieszczańska
1196,Mieszka I
1197,Migdałowa
1198,Mikołaja Gerlaha
1199,Mikołaja Jaskra
1200,Mikołaja Kopernika
1201,Mikołaja Reja
1202,Mikołaja Zyblikiewicza
1203,Mikołajska
1204,Miodowa
1205,Mirosława Dzielskiego
1206,Mirosława Krzyżańskiego
1207,Mirowska
1208,Mirtowa
1209,Misjonarska
1210,Mistrzejowicka
1211,Mlaskotów
1212,Mochnaniec
1213,Moczydło
1214,Modra
1215,Mogiłki
1216,Mogilska
1217,Mokra
1218,Monte Cassino
1219,Montelupich
1220,Monterska
1221,Morelowa
1222,Morgi
1223,Morsztynowska
1224,Morwowa
1225,Mosiężnicza
1226,Mostowa
1227,Moszyńskiego
1228,Motyla
1229,Mrówczana
1230,Mrozowa
1231,Murarska
1232,Murowana
1233,Muzyków
1234,Myśliwska
1235,Mydlarska
1236,Mydlnicka
1237,Na Łąkach
1238,Na Łuku
1239,Na Błoniach
1240,Na Błonie
1241,Na Barciach
1242,Na Borach
1243,Na Budzyniu
1244,Na Chałupkach
1245,Na Dołach
1246,Na Górkach
1247,Na Gródku
1248,Na Grabinach
1249,Na Grządkach
1250,Na Jazkach
1251,Na Klińcu
1252,Na Kozłówce
1253,Na Leszczu
1254,Na Mostkach
1255,Na Niwach
1256,Na Nowinach
1257,Na Obrydki
1258,Na Pokusie
1259,Na Polach
1260,Na Polankach
1261,Na Szaniec
1262,Na Ustroniu
1263,Na Wiankach
1264,Na Wierzchowinach
1265,Na Wirach
1266,Na Wrzosach
1267,Na Wyrębe
1268,Na Załęczu
1269,Na Zakolu Wisły
1270,Na Zboczu
1271,Na Zielonki
1272,Na Zjeździe
1273,Na Zrębie
1274,Nałęczowska
1275,Nałkowskiej
1276,Naczelna
1277,Nad Źródłem
1278,Nad Baranówką
1279,Nad Czerną
1280,Nad Dłubnią
1281,Nad Drwiną
1282,Nad Fosą
1283,Nad Potokiem
1284,Nad Serafą
1285,Nad Strugą
1286,Nad Sudołem
1287,Nad Zalewem
1288,Nadbrzeżna
1289,Nadbrzezie
1290,Nadrzeczna
1291,Nadwiślańska
1292,Nadwodna
1293,Nadzieja
1294,Nagłowicka
1295,Napoleona Cybulskiego
1296,Narciarska
1297,Narcyzowa
1298,Narvik
1299,Nastrojowa
1300,Nasza
1301,Nawigacyjna
1302,Nawojki
1303,Nawojowska
1304,Nazaretańska
1305,Nefrytowa
1306,Niebieska
1307,Niebyła
1308,Niecała
1309,Niedźwiedziny
1310,Nieduża
1311,Niedzicka
1312,Niepołomska
1313,Niepokalanej Panny Marii
1314,Nieszawska
1315,Nietoperzy
1316,Niewielka
1317,Niezapominajek
1318,Nieznana
1319,Nikifora
1320,Niska
1321,Niwy
1322,Nizinna
1323,Normandzka
1324,Norymberska
1325,Nowa
1326,Nowa Górka
1327,Nowogródzka
1328,Nowohucka
1329,Nowolipki
1330,Nowosądecka
1331,Nowotarska
1332,Nowowiejska
1333,Oświęcimska
1334,Oboźna
1335,Obopólna
1336,Obozowa
1337,Obrońców Helu
1338,Obrońców Krzyża
1339,Obrońców Modlina
1340,Obrońców Poczty Gdańskiej
1341,Obrońców Tobruku
1342,Obrońców Warszawy
1343,Obronna
1344,Obrony Tyńca
1345,Obwodowa
1346,Odlewnicza
1347,Odmętowa
1348,Odmogile
1349,Odona Bujwida
1350,Odrzańska
1351,Ofiar Dąbia
1352,Ogłęczyzna
1353,Ogórkowa
1354,Ognistych Wici
1355,Ogrodnicza
1356,Ogrodniczek
1357,Ogrodniki
1358,Ogrodowa
1359,Ojcowska
1360,Okólna
1361,Okocimska
1362,Okopowa
1363,Okrąg
1364,Okrężna
1365,Okręglik
1366,Okulistów
1367,Olchowa
1368,Oleandry
1369,Olimpijska
1370,Olkuska
1371,Olszańska
1372,Olszanicka
1373,Olszecka
1374,Olsztyńska
1375,Olszyny
1376,Ondraszka
1377,Opalowa
1378,Opata Salwińskiego
1379,Opatkowicka
1380,Opolska
1381,Opty
1382,Orła Białego
1383,Oraczy
1384,Orawska
1385,Organki
1386,Orla
1387,Orląt Lwowskich
1388,Orleańska
1389,Orlich Gniazd
1390,Orna
1391,Orszańska
1392,Orzechowa
1393,osiedle
1394,osiedle 2 Pułku Lotniczego
1395,osiedle Albertyńskie
1396,osiedle Górali
1397,osiedle Oświecenia
1398,osiedle Złotej Jesieni
1399,Osiedlowa
1400,Osikowa
1401,Oskara Kolberga
1402,Ossowskiego
1403,Ostatnia
1404,Ostrów
1405,Ostrówka
1406,Owocowa
1407,Owsiana
1408,Płaska
1409,Płaszowska
1410,Płomyczka
1411,Płoszczyny
1412,Półłanki
1413,Półkole
1414,Północna
1415,Pańska
1416,Padniewskiego
1417,Pagórkowa
1418,Pajęcza
1419,Palmowa
1420,Pamiętna
1421,Pana Cogito
1422,Pana Tadeusza
1423,Panoramiczna
1424,Papiernicza
1425,Paproci
1426,Parafialna
1427,Parkowa
1428,Partyzantów
1429,pasaż Hetmański
1430,Pasieczna
1431,Pastelowa
1432,Pasternik
1433,Pasterska
1434,Pędzichów
1435,Pękowicka
1436,Paulińska
1437,Pawła Jasienicy
1438,Pawła Morawiańskiego
1439,Pawła z Krosna
1440,Pawia
1441,Pejzażowa
1442,Perłowa
1443,Perkuna
1444,Petrażyckiego
1445,Piłkarska
1446,Pińczowska
1447,Piaskowa
1448,Piasta Kołodzieja
1449,Piastowska
1450,Piaszczysta
1451,Piękna
1452,Piekarska
1453,Pielęgniarek
1454,Pienińska
1455,Pierzchówka
1456,Pijarska
1457,Pilotów
1458,Piotra Bardowskiego
1459,Piotra Borowego
1460,Piotra Brzezińskiego
1461,Piotra Kluzeka
1462,Piotra Michałowskiego
1463,Piotra Stachiewicza
1464,Piotrusia Pana
1465,Piwna
1466,Plażowa
1467,plac Dominikański
1468,plac Generała Władysława Sikorskiego
1469,plac Jana Matejki
1470,Plac Juliusza Kossaka
1471,plac Na Groblach
1472,plac Nowy
1473,plac Szczepański
1474,plac Wszystkich Świętych
1475,Planty
1476,Planty Bieńczyckie
1477,Planty Floriana Nowackiego
1478,Plastusia
1479,Pleszowska
1480,Pochyła
1481,Pocieszka
1482,Pocztowa
1483,Pod Dębami
1484,Pod Fortem
1485,Pod Gajem
1486,Pod Gwiazdami
1487,Pod Janem
1488,Pod Pomnikiem
1489,Pod Sikornikiem
1490,Pod Skałą
1491,Pod Sowińcem
1492,Pod Stokiem
1493,Pod Strzechą
1494,Pod Sulnikiem
1495,Pod Szańcami
1496,Pod Szwedem
1497,Pod Wierzbami
1498,Podłącze
1499,Podłęska
1500,Podłużna
1501,Podbagnie
1502,Podbiałowa
1503,Podbrzezie
1504,Podchorążych
1505,Podedworze
1506,Podgórki
1507,Podgórki Tynieckie
1508,Podgórska
1509,Podgwiezdna
1510,Podhalańska
1511,Podhalnie
1512,Podkamyk
1513,Podlesie
1514,Podmiłów
1515,Podmiejska
1516,Podmokła
1517,Podrzecze
1518,Podskale
1519,Podstawie
1520,Podwórkowa
1521,Podwale
1522,Podzamcze
1523,Pogodna
1524,Polarna
1525,Poległych w Krzesławicach
1526,Poleska
1527,Polna
1528,Polnych Kwiatów
1529,Polonijna
1530,Pomorska
1531,Pomykany
1532,Poniedziałkowy Dół
1533,Popielidów
1534,Popielnik
1535,Poprzeczna
1536,Poręba
1537,Porfirowa
1538,Poronińska
1539,Port Solny
1540,Portowa
1541,Porucznika Antoniego Stawarza
1542,Porucznika Emira
1543,Porucznika Halszki
1544,Porzecze
1545,Porzeczkowa
1546,Poselska
1547,Potockiego
1548,Potoczek
1549,Potrzask
1550,Powały z Taczewa
1551,Powiśle
1552,Powiatowa
1553,Powojowa
1554,Powroźnicza
1555,Powstańców
1556,Powstańców Wielkopolskich
1557,Powstania Listopadowego
1558,Powstania Styczniowego
1559,Poziomkowa
1560,Poznańska
1561,Prądnicka
1562,Praska
1563,Prochowa
1564,Profesor Janiny Bieniarzówny
1565,Profesor Kazimierza Tadeusza Opałka
1566,Profesor Wojciecha Marii Bartla
1567,Profesor Zdzisława Czeppe
1568,Profesora Stefana Myczkowskiego
1569,Profesora Tadeusza Seweryna
1570,Profesora Teodora Spiczakowa
1571,Prokocimska
1572,Promienistych
1573,Promienna
1574,Promowa
1575,Prosta
1576,Pruska
1577,Przełęcz
1578,Przełazek
1579,Przełom
1580,Przebiśniegów
1581,Przecinek
1582,Przedwiośnie
1583,Przegon
1584,Przegorzalska
1585,Przekątna
1586,Przemiarki
1587,Przemysława II
1588,Przemysłowa
1589,Przemyska
1590,Przepiórcza
1591,Przeskok
1592,Przesmyk
1593,Przewóz
1594,Przewiewna
1595,Przy Cegielni
1596,Przy Kuźni
1597,Przy Młynówce
1598,Przy Moście
1599,Przy Rondzie
1600,Przy Torze
1601,Przyjemna
1602,Przykopy
1603,Przylasek
1604,Przylaszczki
1605,Przymiarki
1606,Przyrodnicza
1607,Przyszłości
1608,Pszczelna
1609,Pszenna
1610,Ptasia
1611,Pułkownika Barty
1612,Pułkownika Edwarda Gardy-Godlewskiego
1613,Pułkownika Francesco Nullo
1614,Pułkownika Józefa Spychalskiego
1615,Pułkownika Stanisława Dąbka
1616,Pustelnia
1617,Pustynna
1618,Puszczyków
1619,Puszkarska
1620,Pychowicka
1621,Pylna
1622,Pysońce
1623,Pysocice
1624,Rączna
1625,Rżącka
1626,Różana
1627,Równa
1628,Rabczańska
1629,Rabsztyńska
1630,Racławicka
1631,Raciborska
1632,Radłowa
1633,Radomska
1634,Radosna
1635,Radzikowskiego
1636,Radziwiłłowska
1637,Rafała Czerwiakowskiego
1638,Rajska
1639,Rakowicka
1640,Rakuś
1641,Ratajska
1642,Rędzina
1643,Rękawka
1644,Rdzawa
1645,Redemptorystów
1646,Reduta
1647,Reformacka
1648,Republiki Korczakowskiej
1649,Retoryka
1650,Reymonta
1651,REZEDOWA
1652,Roberta Jahody
1653,Robotnicza
1654,Rodzinna
1655,Rodziny Jędów
1656,Rogatka
1657,Rokitniańska
1658,Rolna
1659,Rolnicza
1660,Romana Dmowskiego
1661,Romana Florera
1662,Romana Ingardena
1663,Romana Kiełkowskiego
1664,Romana Prawocheńskiego
1665,Rondo Czyżyńskie
1666,Rondo Generała Maczka
1667,rondo Grunwaldzkie
1668,rondo Grzegórzeckie
1669,rondo Hipokratesa
1670,rondo Kocmyrzowskie
1671,rondo Matecznego
1672,rondo Mogilskie
1673,Rondo Ofiar Katynia
1674,Rondo Polsad
1675,rondo Stanisława Barei
1676,Rosista
1677,Rotmistrza Zbigniewa Dunin-Wąsowicza
1678,Rozalii Celakówny
1679,Rozdroże
1680,Rozmarynowa
1681,Rozrywka
1682,Ruciana
1683,Ruczaj
1684,Rudni
1685,Rumiankowa
1686,Rusałek
1687,Rusiecka
1688,Rusznikarska
1689,Rusznikarska-Deptak
1690,Rybałtowska
1691,Rybaki
1692,Rybianka
1693,Rybna
1694,Rycerska
1695,Rymanowska
1696,Rymarska
1697,rynek Dębnicki
1698,Rynek Fałęcki
1699,Rynek Główny
1700,rynek Kleparski
1701,rynek Podgórski
1702,Rysi Stok
1703,Ryszarda Berwińskiego
1704,Rytownicza
1705,Rzeźnicza
1706,Rzeczna
1707,Rzemieślnicza
1708,Rzepakowa
1709,Rzepichy
1710,Rzeszowska
1711,Sławkowska
1712,Sławomira Odrzywolskiego
1713,Słoneczna
1714,Słowiańska
1715,Sądowa
1716,Sadka
1717,Sadzawki
1718,Sajakówka
1719,Salezjańska
1720,Salwatorska
1721,Samorządowa
1722,Samuela Bogumiła Lindego
1723,Sanatoryjna
1724,Sandomierska
1725,Sandora Petöfiego
1726,Sanocka
1727,Saperów
1728,Sarmacka
1729,Sarnie Uroczysko
1730,Sasanek
1731,Saska
1732,Sebastiana Klonowica
1733,Semperitowców
1734,Senacka
1735,Senatorska
1736,Seniorów Lotnictwa
1737,Serbska
1738,Sergiusza Piaseckiego
1739,Sewera
1740,Seweryna Goszczyńskiego
1741,Siarczanogórska
1742,Siarczki
1743,Sidzińska
1744,Siejówka
1745,Sielska
1746,Siemomysła
1747,Sienna
1748,Sierpowa
1749,Siewna
1750,Sikorki
1751,Siostry Faustyny
1752,Siostry Zygmunty Zimmer
1753,Siostrzana
1754,Sitowiny
1755,Siwka
1756,Składowa
1757,Skałeczna
1758,Skalica
1759,Skalna
1760,Skarbowa
1761,Skawińska
1762,Skibowa
1763,Skołczanka
1764,Skośna
1765,Skotnica
1766,Skotnicka
1767,Skowronia
1768,Skrajna
1769,Skręcona
1770,Skromna
1771,Skrzatów
1772,Skrzyszów
1773,skwer II Korpusu Polskich Sił Zbrojnych na Zachodzie
1774,skwer Pamięci Polaków Poszkodowanych przez III Rzeszę
1775,Skwerowa
1776,Smętna
1777,Smocza
1778,Smolarzy
1779,Smoleńsk
1780,Smolki
1781,Smolna
1782,Snozy
1783,Snycerska
1784,Sołtysa Dytmara
1785,Sołtysowska
1786,Sobótka
1787,Soboniowicka
1788,Soczyny
1789,Sodowa
1790,Sokola
1791,Sokolska
1792,Solówki
1793,Solarzy
1794,Solna
1795,Soroki
1796,Sosnowa
1797,Sosnowiecka
1798,Sowia
1799,Spławy
1800,Spółdzielców
1801,Spacerowa
1802,Spadochroniarzy
1803,Spiżowa
1804,Spiska
1805,Spokojna
1806,Sporna
1807,Sportowa
1808,Spytka z Melsztyna
1809,Srebrnych Orłów
1810,Stańczyka
1811,Stacyjna
1812,Stadionowa
1813,Stalowa
1814,Stanisława Augusta Poniatowskiego
1815,Stanisława Balickiego
1816,Stanisława Brzozowskiego
1817,Stanisława Ciechanowskiego
1818,Stanisława Dębickiego
1819,Stanisława Dubois
1820,Stanisława Działowskiego
1821,Stanisława Fiszera
1822,Stanisława Gołąba
1823,Stanisława Grochowiaka
1824,Stanisława Grzepskiego
1825,Stanisława Jachowicza
1826,Stanisława Jasiukowicza
1827,Stanisława Kłosowskiego
1828,Stanisława Kasznicy
1829,Stanisława Klimeckiego
1830,Stanisława Konarskiego
1831,Stanisława Kunickiego
1832,Stanisława Lentza
1833,Stanisława Mierzwy
1834,Stanisława Mikołajczyka
1835,Stanisława Mitery
1836,Stanisława Moniuszki
1837,Stanisława Okonia
1838,Stanisława Pigonia
1839,Stanisława Pronia
1840,Stanisława Przybyszewskiego
1841,Stanisława Pyjasa
1842,Stanisława Rokosza
1843,Stanisława Rostworowskiego
1844,Stanisława Samostrzelnika
1845,Stanisława Skarżyńskiego
1846,Stanisława Skarbińskiego
1847,Stanisława Staszica
1848,Stanisława Stojałowskiego
1849,Stanisława ze Skalbmierza
1850,Stare Wiślisko
1851,Starego Dębu
1852,Starego Wiarusa
1853,Staromostowa
1854,Starowiślna
1855,Starowiejska
1856,Starowolska
1857,Startowa
1858,Stary Gościniec
1859,Stawisko
1860,Stawowa
1861,Stefana Banacha
1862,Stefana Batorego
1863,Stefana Czarnieckiego
1864,Stefana Garczyńskiego
1865,Stefana Jaracza
1866,Stefana Kisielewskiego
1867,Stefana Kołaczkowskiego
1868,Stefana Okrzei
1869,Stefana Otwinowskiego
1870,Stefana Rogozińskiego
1871,Stefana Starzyńskiego
1872,Stefana Stolarza
1873,Stefanii Sempołowskiej
1874,Stelmachów
1875,Stepowa
1876,Stoczniowców
1877,Stoigniewa
1878,Stokowa
1879,Stokrotek
1880,Stolarska
1881,Storczykowa
1882,Strażacka
1883,Stradomska
1884,Straszewskiego
1885,Strumienna
1886,Sucha
1887,Szara
1888,Szczepańska
1889,Szczepana Humberta
1890,Szeroka
1891,Szewska
1892,Szlak
1893,Szparagowa
1894,Szpitalna
1895,Szymona Czechowicza
1896,Szymona Marycjusza
1897,Szymona Zimorowicza
1898,Tadeusza Banachiewicza
1899,Tadeusza Czackiego
1900,Tadeusza Hollendra
1901,Tadeusza Kantora
1902,Tadeusza Kasprzyckiego
1903,Tadeusza Kościuszki
1904,Tadeusza Kochmańskiego
1905,Tadeusza Lehra-Spławińskiego
1906,Tadeusza Makowskiego
1907,Tadeusza Micińskiego
1908,Tadeusza Motarskiego
1909,Tadeusza Pawlikowskiego
1910,Tadeusza Peipera
1911,Tadeusza Połomskiego
1912,Tadeusza Ptaszyckiego
1913,Tadeusza Rejtana
1914,Tadeusza Rogalskiego
1915,Tadeusza Romanowicza
1916,Tadeusza Sobesto
1917,Tadeusza Starca
1918,Tadeusza Wyrwy-Furgalskiego
1919,Tarłowska
1920,Targowa
1921,Teodora Parnickiego
1922,Teodora Rygiera
1923,Teofila Lenartowicza
1924,Tomasza Arciszewskiego
1925,Tomasza Janiszewskiego
1926,Tomasza Prylińskiego
1927,Topolowa
1928,Turniejowa
1929,Twardowskiego
1930,Tyniecka
1931,Tytusa Czyżewskiego
1932,Ujastek Mogilski
1933,Ulica Luborzycka
1934,Ulica Nierówna
1935,Ulica Siarczana
1936,Vlastimila Hofmana
1937,Władysława Łokietka
1938,Władysława Anczyca
1939,Władysława Bełzy
1940,Władysława Broniewskiego
1941,Władysława Czaplickiego
1942,Władysława Ekielskiego
1943,Władysława Jakubca
1944,Władysława Jarockiego
1945,Władysława Jaworskiego
1946,Władysława Krygowskiego
1947,Władysława Mitkowskiego
1948,Władysława Natansona
1949,Władysława Orkana
1950,Władysława Podkowińskiego
1951,Władysława Poturalskiego
1952,Władysława Pytlasińskiego
1953,Władysława Raczkiewicza
1954,Władysława Rożena-Jaksy
1955,Władysława Skoczylasa
1956,Władysława Spasowskiego
1957,Włodzimierza Gruszczyńskiego
1958,Włodzimierza Puchalskiego
1959,Włodzimierza Tetmajera
1960,Wacława Berenta
1961,Wacława Gąsiorowskiego
1962,Wacława Króla
1963,Wacława Lipińskiego
1964,Wacława Nałkowskiego
1965,Wacława Popławskiego
1966,Wacława Sieroszewskiego
1967,Walentego Florkowskiego
1968,Walerego Gadomskiego
1969,Walerego Goetla
1970,Walerego Sławka
1971,Warszauera
1972,Warszawska
1973,Westerplatte
1974,Wiślisko
1975,Wiślna
1976,Wielopole
1977,Wiktora Heltmana
1978,Wilhelma Feldmana
1979,Wilhelma i Jana Ripperów
1980,Willowa
1981,Wincentego Kadłubka
1982,Wincentego Kirchmajera
1983,Wincentego Oszustowskiego
1984,Wincentego Pola
1985,Witolda Budryka
1986,Witolda Doroszewskiego
1987,Witolda Gombrowicza
1988,Witolda Pileckiego
1989,Wojciecha Bogusławskiego
1990,Wojciecha Darasza
1991,Wojciecha Gersona
1992,Wojciecha Halczyna
1993,Wojciecha Korfantego
1994,Wojciecha Lipowskiego
1995,Wojciecha Stattlera
1996,Wrocławska
1997,Wygoda
1998,Wygrana
1999,Xawerego Dunikowskiego
2000,Zachodnia
2001,Zacisze
2002,Zakamycze
2003,Zakopiańska
2004,Zarzecze
2005,Zbigniewa Herberta
2006,Zbigniewa i Andrzeja Pronaszków
2007,Zbigniewa Małka
2008,Zbigniewa Seiferta
2009,Zdzisława Jachimeckiego
2010,Zdzisława Opiala
2011,Zdzisława Przebindowskiego
2012,Zenona Klemensiewicza
2013,Zielona Droga
2014,Zofii Kulinowskiej
2015,Zwierzyniecka
2016,Zygmunta Glogera
2017,Zygmunta Młynarskiego
2018,Zygmunta Miłkowskiego
2019,Zygmunta Mysłakowskiego
2020,Zygmunta Radnickiego
2021,iaków
2022,ska
2023,skich
2024,skich
2025,ul. 28 Lipca 1943
